{"schemaVersion":"1.0","appDefinitionTemplate":{"id":"/providers/Microsoft.PowerApps/apps/","type":"Microsoft.PowerApps/apps","tags":{"minimumRequiredApiVersion":"2.2.0"},"properties":{"appVersion":"2019-08-03T12:01:18Z","lifeCycleId":"Published","createdByClientVersion":{"major":3,"minor":19074,"build":24,"revision":0,"majorRevision":0,"minorRevision":0},"minClientVersion":{"major":3,"minor":19074,"build":24,"revision":0,"majorRevision":0,"minorRevision":0},"backgroundColor":"rgba(0, 99, 177, 1)","backgroundImageUri":"/4041434784537563025/N52843c96-2fae-4b26-8dd2-5e5fd72bf80b-logoSmallFile","displayName":"Business Card Reader Demo","description":"","appUris":{"documentUri":{"value":"/4041434784537563025/N081c28d8-6553-4aa0-9c6e-758589332435-document.msapp","readonlyValue":"/4041434784537563025/N081c28d8-6553-4aa0-9c6e-758589332435-document.msapp"},"imageUris":[]},"createdTime":"0001-01-01T00:00:00Z","lastModifiedTime":"0001-01-01T00:00:00Z","sharedGroupsCount":0,"sharedUsersCount":0,"icons":{"smallIconUri":"/4041434784537563025/N7515f1a4-0e83-4a9a-8d19-0cf0dd1df3bd-small.png","mediumIconUri":"/4041434784537563025/Necfffd85-19ed-449d-ade8-58bd0ce16cc5-medium.png","largeIconUri":"/4041434784537563025/N61f869b0-242c-4ccb-abc2-a329a671eaff-large.png","wideIconUri":"/4041434784537563025/N4c764a62-74be-4058-90f1-74123f66eaec-wide.png"},"connectionReferences":{"fe8e79bc-85a5-4458-a4b0-46acd3357027":{"id":"b93ff790-6264-4818-81fb-f298bfc82527","displayName":"Logic flows","iconUri":"https://resourcestackdeploy.blob.core.windows.net/scripts/13276078.png","dataSources":["CreateContactfromBusinesscardreader-2"],"dependencies":["520f52bc-aff4-4893-8a49-543366d5419e","5e2a5c42-a609-40d9-93af-240b2d6ef28d"],"dependents":[],"parameterHints":{"workflowName":{"value":"f278186f-e6c4-449c-8b79-ebe2deb5df68"},"520f52bc-aff4-4893-8a49-543366d5419e":{"value":"shared_office365"},"5e2a5c42-a609-40d9-93af-240b2d6ef28d":{"value":"shared_office365users"}},"isOnPremiseConnection":false,"bypassConsent":false,"dataSets":{},"apiTier":"Standard","isCustomApiConnection":false},"520f52bc-aff4-4893-8a49-543366d5419e":{"id":"bb9d8f58-4086-43de-b8de-df84aace32ba","displayName":"Office 365 Outlook","iconUri":"https://connectoricons-prod.azureedge.net/office365/icon_1.0.1227.1634.png","dataSources":[],"dependencies":[],"dependents":["fe8e79bc-85a5-4458-a4b0-46acd3357027"],"parameterHints":{},"isOnPremiseConnection":false,"bypassConsent":false,"dataSets":{},"apiTier":"Standard","isCustomApiConnection":false},"5e2a5c42-a609-40d9-93af-240b2d6ef28d":{"id":"76d3ea76-b818-4727-bef7-f28b63a0cfdb","displayName":"Office 365 Users","iconUri":"https://connectoricons-prod.azureedge.net/office365users/icon_1.0.1229.1638.png","dataSources":[],"dependencies":[],"dependents":["fe8e79bc-85a5-4458-a4b0-46acd3357027"],"parameterHints":{},"isOnPremiseConnection":false,"bypassConsent":false,"dataSets":{},"apiTier":"Standard","isCustomApiConnection":false}},"databaseReferences":{"default.cds":{"databaseDetails":{"referenceType":"Environmental","environmentName":"default.cds"},"dataSources":{"43b0dc67-68af-47ae-9a9c-9e69d396ba3e":{"entitySetName":"msdyn_aimodels","logicalName":"msdyn_aimodel"}}}},"almMode":"Environment"}}}